<?xml version="1.0"?>
<doc>
    <assembly>
        <name>Microsoft.AspNetCore.Http.Connections.Client</name>
    </assembly>
    <members>
        <member name="T:Microsoft.AspNetCore.Http.Connections.Client.HttpConnection">
            <summary>
            Used to make a connection to an ASP.NET Core ConnectionHandler using an HTTP-based transport.
            </summary>
        </member>
        <member name="P:Microsoft.AspNetCore.Http.Connections.Client.HttpConnection.Transport">
            <inheritdoc />
        </member>
        <member name="P:Microsoft.AspNetCore.Http.Connections.Client.HttpConnection.Features">
            <inheritdoc />
        </member>
        <member name="P:Microsoft.AspNetCore.Http.Connections.Client.HttpConnection.ConnectionId">
            <summary>
            Gets or sets the connection ID.
            </summary>
            <remarks>
            The connection ID is set when the <see cref="T:Microsoft.AspNetCore.Http.Connections.Client.HttpConnection"/> is started and should not be set by user code.
            If the connection was created with <see cref="P:Microsoft.AspNetCore.Http.Connections.Client.HttpConnectionOptions.SkipNegotiation"/> set to <c>true</c>
            then the connection ID will be <c>null</c>.
            </remarks>
        </member>
        <member name="P:Microsoft.AspNetCore.Http.Connections.Client.HttpConnection.Items">
            <inheritdoc />
        </member>
        <member name="P:Microsoft.AspNetCore.Http.Connections.Client.HttpConnection.Microsoft#AspNetCore#Connections#Features#IConnectionInherentKeepAliveFeature#HasInherentKeepAlive">
            <inheritdoc />
        </member>
        <member name="M:Microsoft.AspNetCore.Http.Connections.Client.HttpConnection.#ctor(System.Uri)">
            <summary>
            Initializes a new instance of the <see cref="T:Microsoft.AspNetCore.Http.Connections.Client.HttpConnection"/> class.
            </summary>
            <param name="url">The URL to connect to.</param>
        </member>
        <member name="M:Microsoft.AspNetCore.Http.Connections.Client.HttpConnection.#ctor(System.Uri,Microsoft.AspNetCore.Http.Connections.HttpTransportType)">
            <summary>
            Initializes a new instance of the <see cref="T:Microsoft.AspNetCore.Http.Connections.Client.HttpConnection"/> class.
            </summary>
            <param name="url">The URL to connect to.</param>
            <param name="transports">A bitmask combining one or more <see cref="T:Microsoft.AspNetCore.Http.Connections.HttpTransportType"/> values that specify what transports the client should use.</param>
        </member>
        <member name="M:Microsoft.AspNetCore.Http.Connections.Client.HttpConnection.#ctor(System.Uri,Microsoft.AspNetCore.Http.Connections.HttpTransportType,Microsoft.Extensions.Logging.ILoggerFactory)">
            <summary>
            Initializes a new instance of the <see cref="T:Microsoft.AspNetCore.Http.Connections.Client.HttpConnection"/> class.
            </summary>
            <param name="url">The URL to connect to.</param>
            <param name="transports">A bitmask combining one or more <see cref="T:Microsoft.AspNetCore.Http.Connections.HttpTransportType"/> values that specify what transports the client should use.</param>
            <param name="loggerFactory">The logger factory.</param>
        </member>
        <member name="M:Microsoft.AspNetCore.Http.Connections.Client.HttpConnection.#ctor(Microsoft.AspNetCore.Http.Connections.Client.HttpConnectionOptions,Microsoft.Extensions.Logging.ILoggerFactory)">
            <summary>
            Initializes a new instance of the <see cref="T:Microsoft.AspNetCore.Http.Connections.Client.HttpConnection"/> class.
            </summary>
            <param name="httpConnectionOptions">The connection options to use.</param>
            <param name="loggerFactory">The logger factory.</param>
        </member>
        <member name="M:Microsoft.AspNetCore.Http.Connections.Client.HttpConnection.StartAsync(System.Threading.CancellationToken)">
            <summary>
            Starts the connection.
            </summary>
            <param name="cancellationToken">The token to monitor for cancellation requests. The default value is <see cref="P:System.Threading.CancellationToken.None" />.</param>
            <returns>A <see cref="T:System.Threading.Tasks.Task"/> that represents the asynchronous start.</returns>
            <remarks>
            A connection cannot be restarted after it has stopped. To restart a connection
            a new instance should be created using the same options.
            </remarks>
        </member>
        <member name="M:Microsoft.AspNetCore.Http.Connections.Client.HttpConnection.StartAsync(Microsoft.AspNetCore.Connections.TransferFormat,System.Threading.CancellationToken)">
            <summary>
            Starts the connection using the specified transfer format.
            </summary>
            <param name="transferFormat">The transfer format the connection should use.</param>
            <param name="cancellationToken">The token to monitor for cancellation requests. The default value is <see cref="P:System.Threading.CancellationToken.None" />.</param>
            <returns>A <see cref="T:System.Threading.Tasks.Task"/> that represents the asynchronous start.</returns>
            <remarks>
            A connection cannot be restarted after it has stopped. To restart a connection
            a new instance should be created using the same options.
            </remarks>
        </member>
        <member name="M:Microsoft.AspNetCore.Http.Connections.Client.HttpConnection.DisposeAsync">
            <summary>
            Disposes the connection.
            </summary>
            <returns>A <see cref="T:System.Threading.Tasks.Task"/> that represents the asynchronous dispose.</returns>
            <remarks>
            A connection cannot be restarted after it has stopped. To restart a connection
            a new instance should be created using the same options.
            </remarks>
        </member>
        <member name="T:Microsoft.AspNetCore.Http.Connections.Client.HttpConnectionFactory">
            <summary>
            A factory for creating <see cref="T:Microsoft.AspNetCore.Http.Connections.Client.HttpConnection"/> instances.
            </summary>
        </member>
        <member name="M:Microsoft.AspNetCore.Http.Connections.Client.HttpConnectionFactory.#ctor(Microsoft.Extensions.Options.IOptions{Microsoft.AspNetCore.Http.Connections.Client.HttpConnectionOptions},Microsoft.Extensions.Logging.ILoggerFactory)">
            <summary>
            Initializes a new instance of the <see cref="T:Microsoft.AspNetCore.Http.Connections.Client.HttpConnectionFactory"/> class.
            </summary>
            <param name="options">The connection options.</param>
            <param name="loggerFactory">The logger factory.</param>
        </member>
        <member name="M:Microsoft.AspNetCore.Http.Connections.Client.HttpConnectionFactory.ConnectAsync(System.Net.EndPoint,System.Threading.CancellationToken)">
            <summary>
            Creates a new connection to an <see cref="T:Microsoft.AspNetCore.Connections.UriEndPoint"/>.
            </summary>
            <param name="endPoint">The <see cref="T:Microsoft.AspNetCore.Connections.UriEndPoint"/> to connect to.</param>
            <param name="cancellationToken">The token to monitor for cancellation requests. The default value is <see cref="P:System.Threading.CancellationToken.None" />.</param>
            <returns>
            A <see cref="T:System.Threading.Tasks.ValueTask`1" /> that represents the asynchronous connect, yielding the <see cref="T:Microsoft.AspNetCore.Connections.ConnectionContext" /> for the new connection when completed.
            </returns>
        </member>
        <member name="T:Microsoft.AspNetCore.Http.Connections.Client.HttpConnectionOptions">
            <summary>
            Options used to configure a <see cref="T:Microsoft.AspNetCore.Http.Connections.Client.HttpConnection"/> instance.
            </summary>
        </member>
        <member name="M:Microsoft.AspNetCore.Http.Connections.Client.HttpConnectionOptions.#ctor">
            <summary>
            Initializes a new instance of the <see cref="T:Microsoft.AspNetCore.Http.Connections.Client.HttpConnectionOptions"/> class.
            </summary>
        </member>
        <member name="P:Microsoft.AspNetCore.Http.Connections.Client.HttpConnectionOptions.HttpMessageHandlerFactory">
            <summary>
            Gets or sets a delegate for wrapping or replacing the <see cref="P:Microsoft.AspNetCore.Http.Connections.Client.HttpConnectionOptions.HttpMessageHandlerFactory"/>
            that will make HTTP requests.
            </summary>
        </member>
        <member name="P:Microsoft.AspNetCore.Http.Connections.Client.HttpConnectionOptions.WebSocketFactory">
            <summary>
            Gets or sets a delegate for wrapping or replacing the <see cref="T:System.Net.WebSockets.WebSocket"/>
            that will be used for the WebSocket transport.
            </summary>
        </member>
        <member name="P:Microsoft.AspNetCore.Http.Connections.Client.HttpConnectionOptions.Headers">
            <summary>
            Gets or sets a collection of headers that will be sent with HTTP requests.
            </summary>
        </member>
        <member name="P:Microsoft.AspNetCore.Http.Connections.Client.HttpConnectionOptions.TransportMaxBufferSize">
            <summary>
            Gets or sets the maximum buffer size for data read by the application before backpressure is applied.
            </summary>
            <remarks>
            The default value is 1MB.
            </remarks>
            <value>
            The default value is 1MB.
            </value>
        </member>
        <member name="P:Microsoft.AspNetCore.Http.Connections.Client.HttpConnectionOptions.ApplicationMaxBufferSize">
            <summary>
            Gets or sets the maximum buffer size for data written by the application before backpressure is applied.
            </summary>
            <remarks>
            The default value is 1MB.
            </remarks>
            <value>
            The default value is 1MB.
            </value>
        </member>
        <member name="P:Microsoft.AspNetCore.Http.Connections.Client.HttpConnectionOptions.ClientCertificates">
            <summary>
            Gets or sets a collection of client certificates that will be sent with HTTP requests.
            </summary>
        </member>
        <member name="P:Microsoft.AspNetCore.Http.Connections.Client.HttpConnectionOptions.Cookies">
            <summary>
            Gets or sets a collection of cookies that will be sent with HTTP requests.
            </summary>
        </member>
        <member name="P:Microsoft.AspNetCore.Http.Connections.Client.HttpConnectionOptions.Url">
            <summary>
            Gets or sets the URL used to send HTTP requests.
            </summary>
        </member>
        <member name="P:Microsoft.AspNetCore.Http.Connections.Client.HttpConnectionOptions.Transports">
            <summary>
            Gets or sets a bitmask combining one or more <see cref="T:Microsoft.AspNetCore.Http.Connections.HttpTransportType"/> values that specify what transports the client should use to send HTTP requests.
            </summary>
        </member>
        <member name="P:Microsoft.AspNetCore.Http.Connections.Client.HttpConnectionOptions.SkipNegotiation">
            <summary>
            Gets or sets a value indicating whether negotiation is skipped when connecting to the server.
            </summary>
            <remarks>
            Negotiation can only be skipped when using the <see cref="F:Microsoft.AspNetCore.Http.Connections.HttpTransportType.WebSockets"/> transport.
            </remarks>
        </member>
        <member name="P:Microsoft.AspNetCore.Http.Connections.Client.HttpConnectionOptions.AccessTokenProvider">
            <summary>
            Gets or sets an access token provider that will be called to return a token for each HTTP request.
            </summary>
        </member>
        <member name="P:Microsoft.AspNetCore.Http.Connections.Client.HttpConnectionOptions.CloseTimeout">
            <summary>
            Gets or sets a close timeout.
            </summary>
        </member>
        <member name="P:Microsoft.AspNetCore.Http.Connections.Client.HttpConnectionOptions.Credentials">
            <summary>
            Gets or sets the credentials used when making HTTP requests.
            </summary>
        </member>
        <member name="P:Microsoft.AspNetCore.Http.Connections.Client.HttpConnectionOptions.Proxy">
            <summary>
            Gets or sets the proxy used when making HTTP requests.
            </summary>
        </member>
        <member name="P:Microsoft.AspNetCore.Http.Connections.Client.HttpConnectionOptions.UseDefaultCredentials">
            <summary>
            Gets or sets a value indicating whether default credentials are used when making HTTP requests.
            </summary>
        </member>
        <member name="P:Microsoft.AspNetCore.Http.Connections.Client.HttpConnectionOptions.DefaultTransferFormat">
            <summary>
            Gets or sets the default <see cref="T:Microsoft.AspNetCore.Connections.TransferFormat" /> to use if <see cref="M:Microsoft.AspNetCore.Http.Connections.Client.HttpConnection.StartAsync(System.Threading.CancellationToken)"/>
            is called instead of <see cref="M:Microsoft.AspNetCore.Http.Connections.Client.HttpConnection.StartAsync(Microsoft.AspNetCore.Connections.TransferFormat,System.Threading.CancellationToken)"/>.
            </summary>
        </member>
        <member name="P:Microsoft.AspNetCore.Http.Connections.Client.HttpConnectionOptions.WebSocketConfiguration">
            <summary>
            Gets or sets a delegate that will be invoked with the <see cref="T:System.Net.WebSockets.ClientWebSocketOptions"/> object used
            to configure the WebSocket when using the WebSockets transport.
            </summary>
            <remarks>
            This delegate is invoked after headers from <see cref="P:Microsoft.AspNetCore.Http.Connections.Client.HttpConnectionOptions.Headers"/> and the access token from <see cref="P:Microsoft.AspNetCore.Http.Connections.Client.HttpConnectionOptions.AccessTokenProvider"/>
            has been applied.
            <para />
            If <c>ClientWebSocketOptions.HttpVersion</c> is set to <c>2.0</c> or higher, some options like <see cref="P:System.Net.WebSockets.ClientWebSocketOptions.Cookies"/> will not be applied. Instead use <see cref="P:Microsoft.AspNetCore.Http.Connections.Client.HttpConnectionOptions.Cookies"/> or the corresponding option on <see cref="T:Microsoft.AspNetCore.Http.Connections.Client.HttpConnectionOptions"/>.
            </remarks>
        </member>
        <member name="T:Microsoft.AspNetCore.Http.Connections.Client.NoTransportSupportedException">
            <summary>
            Exception thrown during negotiate when there are no supported transports between the client and server.
            </summary>
        </member>
        <member name="M:Microsoft.AspNetCore.Http.Connections.Client.NoTransportSupportedException.#ctor(System.String)">
            <summary>
            Constructs the <see cref="T:Microsoft.AspNetCore.Http.Connections.Client.NoTransportSupportedException"/> exception with the provided <paramref name="message"/>.
            </summary>
            <param name="message">Message of the exception.</param>
        </member>
        <member name="T:Microsoft.AspNetCore.Http.Connections.Client.TransportFailedException">
            <summary>
            Exception thrown during negotiate when a transport fails to connect.
            </summary>
        </member>
        <member name="P:Microsoft.AspNetCore.Http.Connections.Client.TransportFailedException.TransportType">
            <summary>
            The name of the transport that failed to connect.
            </summary>
        </member>
        <member name="M:Microsoft.AspNetCore.Http.Connections.Client.TransportFailedException.#ctor(System.String,System.String,System.Exception)">
            <summary>
            Constructs a <see cref="T:Microsoft.AspNetCore.Http.Connections.Client.TransportFailedException"/>.
            </summary>
            <param name="transportType">The name of the transport that failed to connect.</param>
            <param name="message">The reason the transport failed.</param>
            <param name="innerException">An optional extra exception if one was thrown while trying to connect.</param>
        </member>
        <member name="T:Microsoft.AspNetCore.Http.Connections.Client.WebSocketConnectionContext">
            <summary>
            Used to make a connection to an SignalR using a WebSocket-based transport.
            </summary>
        </member>
        <member name="M:Microsoft.AspNetCore.Http.Connections.Client.WebSocketConnectionContext.#ctor(System.Uri,Microsoft.AspNetCore.Http.Connections.Client.HttpConnectionOptions)">
            <summary>
            Initializes a new instance of the <see cref="T:Microsoft.AspNetCore.Http.Connections.Client.WebSocketConnectionContext"/> class.
            </summary>
            <param name="uri">The URL to connect to.</param>
            <param name="options">The connection options to use.</param>
        </member>
        <member name="P:Microsoft.AspNetCore.Http.Connections.Client.WebSocketConnectionContext.Uri">
            <summary>
            Gets the URL to connect to.
            </summary>
        </member>
        <member name="P:Microsoft.AspNetCore.Http.Connections.Client.WebSocketConnectionContext.Options">
            <summary>
            Gets the connection options to use.
            </summary>
        </member>
        <member name="T:System.Runtime.Versioning.OSPlatformAttribute">
            <summary>
            Base type for all platform-specific API attributes.
            </summary>
        </member>
        <member name="T:System.Runtime.Versioning.TargetPlatformAttribute">
            <summary>
            Records the platform that the project targeted.
            </summary>
        </member>
        <member name="T:System.Runtime.Versioning.SupportedOSPlatformAttribute">
             <summary>
             Records the operating system (and minimum version) that supports an API. Multiple attributes can be
             applied to indicate support on multiple operating systems.
             </summary>
             <remarks>
             Callers can apply a <see cref="T:System.Runtime.Versioning.SupportedOSPlatformAttribute" />
             or use guards to prevent calls to APIs on unsupported operating systems.
            
             A given platform should only be specified once.
             </remarks>
        </member>
        <member name="T:System.Runtime.Versioning.UnsupportedOSPlatformAttribute">
            <summary>
            Marks APIs that were removed in a given operating system version.
            </summary>
        </member>
        <member name="T:System.Diagnostics.CodeAnalysis.AllowNullAttribute">
            <summary>Specifies that null is allowed as an input even if the corresponding type disallows it.</summary>
        </member>
        <member name="T:System.Diagnostics.CodeAnalysis.DisallowNullAttribute">
            <summary>Specifies that null is disallowed as an input even if the corresponding type allows it.</summary>
        </member>
        <member name="T:System.Diagnostics.CodeAnalysis.MaybeNullAttribute">
            <summary>Specifies that an output may be null even if the corresponding type disallows it.</summary>
        </member>
        <member name="T:System.Diagnostics.CodeAnalysis.NotNullAttribute">
            <summary>Specifies that an output will not be null even if the corresponding type allows it. Specifies that an input argument was not null when the call returns.</summary>
        </member>
        <member name="T:System.Diagnostics.CodeAnalysis.MaybeNullWhenAttribute">
            <summary>Specifies that when a method returns <see cref="P:System.Diagnostics.CodeAnalysis.MaybeNullWhenAttribute.ReturnValue"/>, the parameter may be null even if the corresponding type disallows it.</summary>
        </member>
        <member name="M:System.Diagnostics.CodeAnalysis.MaybeNullWhenAttribute.#ctor(System.Boolean)">
            <summary>Initializes the attribute with the specified return value condition.</summary>
            <param name="returnValue">
            The return value condition. If the method returns this value, the associated parameter may be null.
            </param>
        </member>
        <member name="P:System.Diagnostics.CodeAnalysis.MaybeNullWhenAttribute.ReturnValue">
            <summary>Gets the return value condition.</summary>
        </member>
        <member name="T:System.Diagnostics.CodeAnalysis.NotNullWhenAttribute">
            <summary>Specifies that when a method returns <see cref="P:System.Diagnostics.CodeAnalysis.NotNullWhenAttribute.ReturnValue"/>, the parameter will not be null even if the corresponding type allows it.</summary>
        </member>
        <member name="M:System.Diagnostics.CodeAnalysis.NotNullWhenAttribute.#ctor(System.Boolean)">
            <summary>Initializes the attribute with the specified return value condition.</summary>
            <param name="returnValue">
            The return value condition. If the method returns this value, the associated parameter will not be null.
            </param>
        </member>
        <member name="P:System.Diagnostics.CodeAnalysis.NotNullWhenAttribute.ReturnValue">
            <summary>Gets the return value condition.</summary>
        </member>
        <member name="T:System.Diagnostics.CodeAnalysis.NotNullIfNotNullAttribute">
            <summary>Specifies that the output will be non-null if the named parameter is non-null.</summary>
        </member>
        <member name="M:System.Diagnostics.CodeAnalysis.NotNullIfNotNullAttribute.#ctor(System.String)">
            <summary>Initializes the attribute with the associated parameter name.</summary>
            <param name="parameterName">
            The associated parameter name.  The output will be non-null if the argument to the parameter specified is non-null.
            </param>
        </member>
        <member name="P:System.Diagnostics.CodeAnalysis.NotNullIfNotNullAttribute.ParameterName">
            <summary>Gets the associated parameter name.</summary>
        </member>
        <member name="T:System.Diagnostics.CodeAnalysis.DoesNotReturnAttribute">
            <summary>Applied to a method that will never return under any circumstance.</summary>
        </member>
        <member name="T:System.Diagnostics.CodeAnalysis.DoesNotReturnIfAttribute">
            <summary>Specifies that the method will not return if the associated Boolean parameter is passed the specified value.</summary>
        </member>
        <member name="M:System.Diagnostics.CodeAnalysis.DoesNotReturnIfAttribute.#ctor(System.Boolean)">
            <summary>Initializes the attribute with the specified parameter value.</summary>
            <param name="parameterValue">
            The condition parameter value. Code after the method will be considered unreachable by diagnostics if the argument to
            the associated parameter matches this value.
            </param>
        </member>
        <member name="P:System.Diagnostics.CodeAnalysis.DoesNotReturnIfAttribute.ParameterValue">
            <summary>Gets the condition parameter value.</summary>
        </member>
        <member name="T:System.Diagnostics.CodeAnalysis.MemberNotNullAttribute">
            <summary>Specifies that the method or property will ensure that the listed field and property members have not-null values.</summary>
        </member>
        <member name="M:System.Diagnostics.CodeAnalysis.MemberNotNullAttribute.#ctor(System.String)">
            <summary>Initializes the attribute with a field or property member.</summary>
            <param name="member">
            The field or property member that is promised to be not-null.
            </param>
        </member>
        <member name="M:System.Diagnostics.CodeAnalysis.MemberNotNullAttribute.#ctor(System.String[])">
            <summary>Initializes the attribute with the list of field and property members.</summary>
            <param name="members">
            The list of field and property members that are promised to be not-null.
            </param>
        </member>
        <member name="P:System.Diagnostics.CodeAnalysis.MemberNotNullAttribute.Members">
            <summary>Gets field or property member names.</summary>
        </member>
        <member name="T:System.Diagnostics.CodeAnalysis.MemberNotNullWhenAttribute">
            <summary>Specifies that the method or property will ensure that the listed field and property members have not-null values when returning with the specified return value condition.</summary>
        </member>
        <member name="M:System.Diagnostics.CodeAnalysis.MemberNotNullWhenAttribute.#ctor(System.Boolean,System.String)">
            <summary>Initializes the attribute with the specified return value condition and a field or property member.</summary>
            <param name="returnValue">
            The return value condition. If the method returns this value, the associated parameter will not be null.
            </param>
            <param name="member">
            The field or property member that is promised to be not-null.
            </param>
        </member>
        <member name="M:System.Diagnostics.CodeAnalysis.MemberNotNullWhenAttribute.#ctor(System.Boolean,System.String[])">
            <summary>Initializes the attribute with the specified return value condition and list of field and property members.</summary>
            <param name="returnValue">
            The return value condition. If the method returns this value, the associated parameter will not be null.
            </param>
            <param name="members">
            The list of field and property members that are promised to be not-null.
            </param>
        </member>
        <member name="P:System.Diagnostics.CodeAnalysis.MemberNotNullWhenAttribute.ReturnValue">
            <summary>Gets the return value condition.</summary>
        </member>
        <member name="P:System.Diagnostics.CodeAnalysis.MemberNotNullWhenAttribute.Members">
            <summary>Gets field or property member names.</summary>
        </member>
    </members>
</doc>
